HLA	wp	wn
A*11:01	0.1408	0.8592
A*29:02	0.1566	0.8434
A*68:01	0.046	0.954
B*35:02	0.0244	0.9756
B*37:01	0.0214	0.9786
B*44:03	0.1996	0.8004
C*02:02	0.1018	0.8982
C*03:03	0.0696	0.9304
C*14:02	0.0372	0.9628
DPB1*02:01	0.273	0.727
DPB1*10:01	0.0225	0.9775
DQA1*01:01	0.215	0.785
DQA1*03:03	0.22087	0.77913
DQB1*03:03	0.0576	0.9424
DQB1*05:02	0.0456	0.9544
DQB1*05:03	0.054	0.946
DQB1*06:01	0.0212	0.9788
DRB1*04:01	0.0528	0.9472
DRB1*04:04	0.0586	0.9414
DRB1*07:01	0.3392	0.6608
DRB1*13:03	0.0326	0.9674
DRB1*15:02	0.0208	0.9792
DRB1*16:01	0.0344	0.9656
